{
  "train_loss": [
    28.646169495724497,
    0.014779751970272361,
    0.007991821180189868,
    0.006689336443415437,
    0.005989989185417514
  ],
  "val_loss": [
    70.6678782495959,
    77.25717452476765,
    79.19165223220298,
    80.77077641980401,
    82.11381557069976
  ]
}